Variant38,ORegAnno_ID,Type,Regulatory_Element_Symbol,PMID
10_100972951_C/T,OREG1715454,TRANSCRIPTION FACTOR BINDING SITE,HNF4A,18971253
10_100989672_C/T,OREG1655084,TRANSCRIPTION FACTOR BINDING SITE,FOXA1,18971253
10_71785094_T/C,OREG1501941,TRANSCRIPTION FACTOR BINDING SITE,EGR1,18971253
10_75021995_T/C,OREG1654541;OREG1596208;OREG0020273,TRANSCRIPTION FACTOR BINDING SITE;TRANSCRIPTION FACTOR BINDING SITE;REGULATORY REGION,FOXA1;FOXA1;CTCF,18971253;18971253
10_89225167_C/G,OREG1647380,TRANSCRIPTION FACTOR BINDING SITE,FOXA1,18971253
11_103109757_C/G,OREG1253136;OREG1222925;OREG1813955;OREG1798310;OREG1284700;OREG1779577,TRANSCRIPTION FACTOR BINDING SITE;TRANSCRIPTION FACTOR BINDING SITE;TRANSCRIPTION FACTOR BINDING SITE;TRANSCRIPTION FACTOR BINDING SITE;TRANSCRIPTION FACTOR BINDING SITE;TRANSCRIPTION FACTOR BINDING SITE,SMARCA4;SMARCA4;RBL2;RBL2;CEBPA;RBL2,18971253;18971253;18971253;18971253;18971253;18971253
11_108227693_A/T,OREG1260195,TRANSCRIPTION FACTOR BINDING SITE,SMARCA4,18971253
11_117191957_C/T,OREG1489824,TRANSCRIPTION FACTOR BINDING SITE,EGR1,18971253
11_119085063_G/A,OREG1273062;OREG1793716;OREG1808262;OREG1823612;OREG1788313;OREG1625645,TRANSCRIPTION FACTOR BINDING SITE;TRANSCRIPTION FACTOR BINDING SITE;TRANSCRIPTION FACTOR BINDING SITE;TRANSCRIPTION FACTOR BINDING SITE;TRANSCRIPTION FACTOR BINDING SITE;TRANSCRIPTION FACTOR BINDING SITE,SMARCA4;RBL2;RBL2;RBL2;RBL2;FOS,18971253;18971253;18971253;18971253;18971253;18971253
11_119092514_G/A,OREG1265169;OREG1513733,TRANSCRIPTION FACTOR BINDING SITE;TRANSCRIPTION FACTOR BINDING SITE,SMARCA4;EGR1,18971253;18971253
11_119100778_A/G,OREG0021396,REGULATORY REGION,CTCF,
11_121589362_C/T,OREG1245097,TRANSCRIPTION FACTOR BINDING SITE,SMARCA4,18971253
11_17393712_A/G,OREG1510027,TRANSCRIPTION FACTOR BINDING SITE,EGR1,18971253
11_17531434_C/T,OREG1196490,TRANSCRIPTION FACTOR BINDING SITE,TFAP2C,18971253
11_2778028_A/G,OREG1261171,TRANSCRIPTION FACTOR BINDING SITE,SMARCA4,18971253
11_31801594_G/C,OREG1833377,TRANSCRIPTION FACTOR BINDING SITE,PRDM14,18971253
11_31801749_G/A,OREG1833377,TRANSCRIPTION FACTOR BINDING SITE,PRDM14,18971253
11_32391991_C/T,OREG1237638,TRANSCRIPTION FACTOR BINDING SITE,SMARCA4,18971253
11_32435337_G/A,OREG1503353,TRANSCRIPTION FACTOR BINDING SITE,EGR1,18971253
11_47333248_G/T,OREG1504538,TRANSCRIPTION FACTOR BINDING SITE,EGR1,18971253
11_5226932_G/T,OREG1939808;OREG1941296,TRANSCRIPTION FACTOR BINDING SITE;TRANSCRIPTION FACTOR BINDING SITE,TP53;TP53,18971253;18971253
11_5226935_C/G,OREG1939808;OREG1941296,TRANSCRIPTION FACTOR BINDING SITE;TRANSCRIPTION FACTOR BINDING SITE,TP53;TP53,18971253;18971253
11_5226944_A/G,OREG1939808;OREG1941296,TRANSCRIPTION FACTOR BINDING SITE;TRANSCRIPTION FACTOR BINDING SITE,TP53;TP53,18971253;18971253
11_5226968_C/T,OREG1939808;OREG1941296,TRANSCRIPTION FACTOR BINDING SITE;TRANSCRIPTION FACTOR BINDING SITE,TP53;TP53,18971253;18971253
11_59787057_C/T,OREG1242116;OREG1273553;OREG1674255;OREG1600174;OREG1658464;OREG1625918;OREG1688204,TRANSCRIPTION FACTOR BINDING SITE;TRANSCRIPTION FACTOR BINDING SITE;TRANSCRIPTION FACTOR BINDING SITE;TRANSCRIPTION FACTOR BINDING SITE;TRANSCRIPTION FACTOR BINDING SITE;TRANSCRIPTION FACTOR BINDING SITE;TRANSCRIPTION FACTOR BINDING SITE,SMARCA4;SMARCA4;GATA2;FOXA1;FOXA1;FOS;GATA3,18971253;18971253;18971253;18971253;18971253;18971253;18971253
11_64746755_C/T,OREG1497011,TRANSCRIPTION FACTOR BINDING SITE,EGR1,18971253
11_6618786_A/G,OREG1258266;OREG1227963,TRANSCRIPTION FACTOR BINDING SITE;TRANSCRIPTION FACTOR BINDING SITE,SMARCA4;SMARCA4,18971253;18971253
12_101761668_A/G,OREG1594920;OREG1653247,TRANSCRIPTION FACTOR BINDING SITE;TRANSCRIPTION FACTOR BINDING SITE,FOXA1;FOXA1,18971253;18971253
12_109784377_C/T,OREG1636860;OREG1578180;OREG1172628,TRANSCRIPTION FACTOR BINDING SITE;TRANSCRIPTION FACTOR BINDING SITE;TRANSCRIPTION FACTOR BINDING SITE,FOXA1;FOXA1;TFAP2C,18971253;18971253;18971253
12_47855686_C/T,OREG1386379,TRANSCRIPTION FACTOR BINDING SITE,CTCF,18971253
12_47983721_G/T,OREG1510635,TRANSCRIPTION FACTOR BINDING SITE,EGR1,18971253
12_57782852_C/T,OREG1239838;OREG1189566;OREG0021954;OREG1607311;OREG1381346;OREG1552599;OREG1301874,TRANSCRIPTION FACTOR BINDING SITE;TRANSCRIPTION FACTOR BINDING SITE;REGULATORY REGION;TRANSCRIPTION FACTOR BINDING SITE;TRANSCRIPTION FACTOR BINDING SITE;TRANSCRIPTION FACTOR BINDING SITE;TRANSCRIPTION FACTOR BINDING SITE,SMARCA4;TFAP2C;CTCF;FOXP1;CTCF;ETS1;CEBPA,18971253;18971253;18971253;18971253;18971253;18971253
12_6062972_G/A,OREG1764238;OREG0021618,TRANSCRIPTION FACTOR BINDING SITE;REGULATORY REGION,MITF;CTCF,18971253
12_88093782_G/C,OREG0850992,TRANSCRIPTION FACTOR BINDING SITE,MAFF,24194598
12_88140962_T/A,OREG1248376,TRANSCRIPTION FACTOR BINDING SITE,SMARCA4,18971253
12_89525196_G/A,OREG1278598;OREG0022018;OREG1246790,TRANSCRIPTION FACTOR BINDING SITE;REGULATORY REGION;TRANSCRIPTION FACTOR BINDING SITE,SMARCA4;CTCF;SMARCA4,18971253;18971253
13_113122885_C/T,OREG1715771;OREG1740133,TRANSCRIPTION FACTOR BINDING SITE;TRANSCRIPTION FACTOR BINDING SITE,HNF4A;HNF4A,18971253;18971253
13_113129528_G/A,OREG1498901,TRANSCRIPTION FACTOR BINDING SITE,EGR1,18971253
13_32316520_C/T,OREG1224029;OREG1254282,TRANSCRIPTION FACTOR BINDING SITE;TRANSCRIPTION FACTOR BINDING SITE,SMARCA4;SMARCA4,18971253;18971253
13_51970550_T/C,OREG1547668,TRANSCRIPTION FACTOR BINDING SITE,ETS1,18971253
14_21321399_T/C,OREG1656228,TRANSCRIPTION FACTOR BINDING SITE,FOXA1,18971253
14_24081365_G/C,OREG1169356,TRANSCRIPTION FACTOR BINDING SITE,TFAP2C,18971253
14_24255992_A/C,OREG1267002;OREG1721894;OREG1745895,TRANSCRIPTION FACTOR BINDING SITE;TRANSCRIPTION FACTOR BINDING SITE;TRANSCRIPTION FACTOR BINDING SITE,SMARCA4;HNF4A;HNF4A,18971253;18971253;18971253
14_50937772_G/C,OREG1225150,TRANSCRIPTION FACTOR BINDING SITE,SMARCA4,18971253
14_87992973_G/C,OREG1276306;OREG1194974;OREG1483926,TRANSCRIPTION FACTOR BINDING SITE;TRANSCRIPTION FACTOR BINDING SITE;TRANSCRIPTION FACTOR BINDING SITE,SMARCA4;TFAP2C;E2F4,18971253;18971253;18971253
14_88385830_C/T,OREG1793066;OREG1787415;OREG1822616;OREG1189578,TRANSCRIPTION FACTOR BINDING SITE;TRANSCRIPTION FACTOR BINDING SITE;TRANSCRIPTION FACTOR BINDING SITE;TRANSCRIPTION FACTOR BINDING SITE,RBL2;RBL2;RBL2;TFAP2C,18971253;18971253;18971253;18971253
14_94382683_C/T,OREG1305463,TRANSCRIPTION FACTOR BINDING SITE,CEBPA,18971253
14_95535317_C/T,OREG1254692;OREG1219477,TRANSCRIPTION FACTOR BINDING SITE;TRANSCRIPTION FACTOR BINDING SITE,SMARCA4;SMARCA4,18971253;18971253
15_40621755_A/G,OREG1265544,TRANSCRIPTION FACTOR BINDING SITE,SMARCA4,18971253
15_42386267_A/T,OREG0023085,REGULATORY REGION,CTCF,
15_80172241_C/T,OREG1744101;OREG1720003,TRANSCRIPTION FACTOR BINDING SITE;TRANSCRIPTION FACTOR BINDING SITE,HNF4A;HNF4A,18971253;18971253
15_82679738_C/T,OREG1507335,TRANSCRIPTION FACTOR BINDING SITE,EGR1,18971253
15_89325515_C/A,OREG1507612,TRANSCRIPTION FACTOR BINDING SITE,EGR1,18971253
15_98707851_T/A,OREG1755301;OREG1754680,TRANSCRIPTION FACTOR BINDING SITE;TRANSCRIPTION FACTOR BINDING SITE,IGF1R;IGF1R,18971253;18971253
16_1520737_G/A,OREG1514669,TRANSCRIPTION FACTOR BINDING SITE,EGR1,18971253
16_16154891_C/T,OREG1260937,TRANSCRIPTION FACTOR BINDING SITE,SMARCA4,18971253
16_1792384_G/A,OREG1496837,TRANSCRIPTION FACTOR BINDING SITE,EGR1,18971253
16_2063050_T/C,OREG1515937,TRANSCRIPTION FACTOR BINDING SITE,EGR1,18971253
16_2076167_T/C,OREG1515936,TRANSCRIPTION FACTOR BINDING SITE,EGR1,18971253
16_2090330_G/A,OREG1485548,TRANSCRIPTION FACTOR BINDING SITE,EGR1,18971253
16_2090734_G/A,OREG1485548,TRANSCRIPTION FACTOR BINDING SITE,EGR1,18971253
16_23641116_C/T,OREG1794925;OREG1732894;OREG1708005;OREG1760552;OREG1812228;OREG1778032,TRANSCRIPTION FACTOR BINDING SITE;TRANSCRIPTION FACTOR BINDING SITE;TRANSCRIPTION FACTOR BINDING SITE;TRANSCRIPTION FACTOR BINDING SITE;TRANSCRIPTION FACTOR BINDING SITE;TRANSCRIPTION FACTOR BINDING SITE,RBL2;HNF4A;HNF4A;MITF;RBL2;RBL2,18971253;18971253;18971253;18971253;18971253;18971253
16_23641140_C/T,OREG1794925;OREG1732894;OREG1708005;OREG1760552;OREG1812228;OREG1778032,TRANSCRIPTION FACTOR BINDING SITE;TRANSCRIPTION FACTOR BINDING SITE;TRANSCRIPTION FACTOR BINDING SITE;TRANSCRIPTION FACTOR BINDING SITE;TRANSCRIPTION FACTOR BINDING SITE;TRANSCRIPTION FACTOR BINDING SITE,RBL2;HNF4A;HNF4A;MITF;RBL2;RBL2,18971253;18971253;18971253;18971253;18971253;18971253
16_46918701_C/T,OREG1938265,TRANSCRIPTION FACTOR BINDING SITE,VDR,18971253
16_56519752_C/A,OREG1894351,TRANSCRIPTION FACTOR BINDING SITE,STAT1,18971253
16_67166368_C/T,OREG1489377,TRANSCRIPTION FACTOR BINDING SITE,EGR1,18971253
16_68737460_G/A,OREG1188103;OREG1269563,TRANSCRIPTION FACTOR BINDING SITE;TRANSCRIPTION FACTOR BINDING SITE,TFAP2C;SMARCA4,18971253;18971253
16_75555942_C/T,OREG1884089;OREG1815115;OREG1494365;OREG1173832,TRANSCRIPTION FACTOR BINDING SITE;TRANSCRIPTION FACTOR BINDING SITE;TRANSCRIPTION FACTOR BINDING SITE;TRANSCRIPTION FACTOR BINDING SITE,STAT1;RBL2;EGR1;TFAP2C,18971253;18971253;18971253;18971253
16_88713432_C/T,OREG1505182,TRANSCRIPTION FACTOR BINDING SITE,EGR1,18971253
16_88719622_G/A,OREG1514758,TRANSCRIPTION FACTOR BINDING SITE,EGR1,18971253
16_89694713_C/A,OREG1742694;OREG1489611,TRANSCRIPTION FACTOR BINDING SITE;TRANSCRIPTION FACTOR BINDING SITE,HNF4A;EGR1,18971253;18971253
17_28735362_C/T,OREG1273794;OREG1905582;OREG1626022;OREG1688076,TRANSCRIPTION FACTOR BINDING SITE;TRANSCRIPTION FACTOR BINDING SITE;TRANSCRIPTION FACTOR BINDING SITE;TRANSCRIPTION FACTOR BINDING SITE,SMARCA4;STAT1;FOS;GATA3,18971253;18971253;18971253;18971253
17_31338751_T/C,OREG1263703,TRANSCRIPTION FACTOR BINDING SITE,SMARCA4,18971253
17_31338799_T/C,OREG1263703,TRANSCRIPTION FACTOR BINDING SITE,SMARCA4,18971253
17_42910994_C/T,OREG1504674,TRANSCRIPTION FACTOR BINDING SITE,EGR1,18971253
17_44351768_G/A,OREG1496515,TRANSCRIPTION FACTOR BINDING SITE,EGR1,18971253
17_44385854_C/T,OREG1188716,TRANSCRIPTION FACTOR BINDING SITE,TFAP2C,18971253
17_46010345_C/T,OREG1824928,TRANSCRIPTION FACTOR BINDING SITE,RBL2,18971253
17_46010363_C/T,OREG1824928,TRANSCRIPTION FACTOR BINDING SITE,RBL2,18971253
17_50169230_C/T,OREG0024558;OREG1183600,REGULATORY REGION;TRANSCRIPTION FACTOR BINDING SITE,CTCF;TFAP2C,18971253
17_50199559_G/T,OREG1899213,TRANSCRIPTION FACTOR BINDING SITE,STAT1,18971253
17_61849138_A/T,OREG1656659;OREG1598320,TRANSCRIPTION FACTOR BINDING SITE;TRANSCRIPTION FACTOR BINDING SITE,FOXA1;FOXA1,18971253;18971253
17_7203470_G/A,OREG1415820,TRANSCRIPTION FACTOR BINDING SITE,E2F1,18971253
17_7221612_C/T,OREG1276999,TRANSCRIPTION FACTOR BINDING SITE,SMARCA4,18971253
17_7222273_G/A,OREG1418250,TRANSCRIPTION FACTOR BINDING SITE,E2F1,18971253
17_75517057_G/A,OREG1267073;OREG1185786;OREG1507384,TRANSCRIPTION FACTOR BINDING SITE;TRANSCRIPTION FACTOR BINDING SITE;TRANSCRIPTION FACTOR BINDING SITE,SMARCA4;TFAP2C;EGR1,18971253;18971253;18971253
17_7673541_G/T,OREG1390315,TRANSCRIPTION FACTOR BINDING SITE,CTCF,18971253
17_80107719_C/A,OREG1492584,TRANSCRIPTION FACTOR BINDING SITE,EGR1,18971253
17_80110044_C/T,OREG1492585,TRANSCRIPTION FACTOR BINDING SITE,EGR1,18971253
17_80213823_G/C,OREG1507354,TRANSCRIPTION FACTOR BINDING SITE,EGR1,18971253
17_82929497_G/A,OREG1496108,TRANSCRIPTION FACTOR BINDING SITE,EGR1,18971253
18_23541390_A/G,OREG1272856;OREG1241551,TRANSCRIPTION FACTOR BINDING SITE;TRANSCRIPTION FACTOR BINDING SITE,SMARCA4;SMARCA4,18971253;18971253
18_31079974_A/T,OREG1862773,TRANSCRIPTION FACTOR BINDING SITE,SPI1,18971253
18_57571537_C/T,OREG1510849,TRANSCRIPTION FACTOR BINDING SITE,EGR1,18971253
19_1223105_G/T,OREG1194276,TRANSCRIPTION FACTOR BINDING SITE,TFAP2C,18971253
19_1226605_C/A,OREG1907599,TRANSCRIPTION FACTOR BINDING SITE,STAT1,18971253
19_12806736_C/T,OREG1794449;OREG1801834;OREG1817339;OREG1782590;OREG1846712;OREG1417377,TRANSCRIPTION FACTOR BINDING SITE;TRANSCRIPTION FACTOR BINDING SITE;TRANSCRIPTION FACTOR BINDING SITE;TRANSCRIPTION FACTOR BINDING SITE;TRANSCRIPTION FACTOR BINDING SITE;TRANSCRIPTION FACTOR BINDING SITE,RBL2;RBL2;RBL2;RBL2;RB1;E2F1,18971253;18971253;18971253;18971253;18971253;18971253
19_12806754_G/A,OREG1794449;OREG1801834;OREG1817339;OREG1782590;OREG1846712;OREG1417377,TRANSCRIPTION FACTOR BINDING SITE;TRANSCRIPTION FACTOR BINDING SITE;TRANSCRIPTION FACTOR BINDING SITE;TRANSCRIPTION FACTOR BINDING SITE;TRANSCRIPTION FACTOR BINDING SITE;TRANSCRIPTION FACTOR BINDING SITE,RBL2;RBL2;RBL2;RBL2;RB1;E2F1,18971253;18971253;18971253;18971253;18971253;18971253
19_12891518_T/C,OREG1843056;OREG1715258,TRANSCRIPTION FACTOR BINDING SITE;TRANSCRIPTION FACTOR BINDING SITE,RB1;HNF4A,18971253;18971253
19_1399796_G/A,OREG1518867,TRANSCRIPTION FACTOR BINDING SITE,EGR1,18971253
19_17486848_G/A,OREG1490852,TRANSCRIPTION FACTOR BINDING SITE,EGR1,18971253
19_17831236_G/A,OREG1485841,TRANSCRIPTION FACTOR BINDING SITE,EGR1,18971253
19_35846054_C/T,OREG1507071;OREG1745687;OREG1721668,TRANSCRIPTION FACTOR BINDING SITE;TRANSCRIPTION FACTOR BINDING SITE;TRANSCRIPTION FACTOR BINDING SITE,EGR1;HNF4A;HNF4A,18971253;18971253;18971253
19_38463497_C/G,OREG1506353;OREG1411596,TRANSCRIPTION FACTOR BINDING SITE;TRANSCRIPTION FACTOR BINDING SITE,EGR1;E2F1,18971253;18971253
19_38463524_C/T,OREG1506353;OREG1411596,TRANSCRIPTION FACTOR BINDING SITE;TRANSCRIPTION FACTOR BINDING SITE,EGR1;E2F1,18971253;18971253
19_38490252_G/A,OREG1411592,TRANSCRIPTION FACTOR BINDING SITE,E2F1,18971253
19_38572267_C/T,OREG1411591,TRANSCRIPTION FACTOR BINDING SITE,E2F1,18971253
19_7533648_C/T,OREG1784829,TRANSCRIPTION FACTOR BINDING SITE,RBL2,18971253
1_11793916_G/A,OREG1500192,TRANSCRIPTION FACTOR BINDING SITE,EGR1,18971253
1_11794385_C/A,OREG1500192;OREG1179275,TRANSCRIPTION FACTOR BINDING SITE;TRANSCRIPTION FACTOR BINDING SITE,EGR1;TFAP2C,18971253;18971253
1_155295491_C/A,OREG1493213,TRANSCRIPTION FACTOR BINDING SITE,EGR1,18971253
1_156130732_C/T,OREG1259371;OREG1177780;OREG0013866;OREG1372828,TRANSCRIPTION FACTOR BINDING SITE;TRANSCRIPTION FACTOR BINDING SITE;REGULATORY REGION;TRANSCRIPTION FACTOR BINDING SITE,SMARCA4;TFAP2C;CTCF;CTCF,18971253;18971253;18971253
1_156138607_G/A,OREG1498572,TRANSCRIPTION FACTOR BINDING SITE,EGR1,18971253
1_156138613_C/A,OREG1498572,TRANSCRIPTION FACTOR BINDING SITE,EGR1,18971253
1_156138703_G/A,OREG1498572,TRANSCRIPTION FACTOR BINDING SITE,EGR1,18971253
1_156138754_C/T,OREG1498572,TRANSCRIPTION FACTOR BINDING SITE,EGR1,18971253
1_158676265_G/A,OREG1233776,TRANSCRIPTION FACTOR BINDING SITE,SMARCA4,18971253
1_161168055_G/A,OREG1261823,TRANSCRIPTION FACTOR BINDING SITE,SMARCA4,18971253
1_173826760_C/T,OREG1253446,TRANSCRIPTION FACTOR BINDING SITE,SMARCA4,18971253
1_209617424_A/G,OREG1926227,TRANSCRIPTION FACTOR BINDING SITE,TRIM28,18971253
1_212080704_G/A,OREG1255547,TRANSCRIPTION FACTOR BINDING SITE,SMARCA4,18971253
1_231241447_C/T,OREG1250828;OREG1812753;OREG1220643;OREG1169127;OREG1778518,TRANSCRIPTION FACTOR BINDING SITE;TRANSCRIPTION FACTOR BINDING SITE;TRANSCRIPTION FACTOR BINDING SITE;TRANSCRIPTION FACTOR BINDING SITE;TRANSCRIPTION FACTOR BINDING SITE,SMARCA4;RBL2;SMARCA4;TFAP2C;RBL2,18971253;18971253;18971253;18971253;18971253
1_23798621_G/A,OREG1262814;OREG1383516,TRANSCRIPTION FACTOR BINDING SITE;TRANSCRIPTION FACTOR BINDING SITE,SMARCA4;CTCF,18971253;18971253
1_24337708_C/G,OREG1833905,TRANSCRIPTION FACTOR BINDING SITE,PRDM14,18971253
1_40818575_C/T,OREG1504748;OREG1264796,TRANSCRIPTION FACTOR BINDING SITE;TRANSCRIPTION FACTOR BINDING SITE,EGR1;SMARCA4,18971253;18971253
1_42927629_C/T,OREG1263488,TRANSCRIPTION FACTOR BINDING SITE,SMARCA4,18971253
1_45014964_A/G,OREG1249167;OREG0013449;OREG1815844,TRANSCRIPTION FACTOR BINDING SITE;REGULATORY REGION;TRANSCRIPTION FACTOR BINDING SITE,SMARCA4;CTCF;RBL2,18971253;18971253
1_62688259_G/T,OREG1276906;OREG1947296;OREG1245181,TRANSCRIPTION FACTOR BINDING SITE;TRANSCRIPTION FACTOR BINDING SITE;TRANSCRIPTION FACTOR BINDING SITE,SMARCA4;ZNF263;SMARCA4,18971253;18971253;18971253
1_92080586_G/A,OREG1270075;OREG1188722;OREG1596246;OREG1822247;OREG1654584;OREG1787086;OREG1806869;OREG1852245,TRANSCRIPTION FACTOR BINDING SITE;TRANSCRIPTION FACTOR BINDING SITE;TRANSCRIPTION FACTOR BINDING SITE;TRANSCRIPTION FACTOR BINDING SITE;TRANSCRIPTION FACTOR BINDING SITE;TRANSCRIPTION FACTOR BINDING SITE;TRANSCRIPTION FACTOR BINDING SITE;TRANSCRIPTION FACTOR BINDING SITE,SMARCA4;TFAP2C;FOXA1;RBL2;FOXA1;RBL2;RBL2;RB1,18971253;18971253;18971253;18971253;18971253;18971253;18971253;18971253
1_94001049_G/A,OREG1276948,TRANSCRIPTION FACTOR BINDING SITE,SMARCA4,18971253
20_44407384_T/C,OREG1264053,TRANSCRIPTION FACTOR BINDING SITE,SMARCA4,18971253
20_57266093_C/T,OREG1701995;OREG1170401;OREG1490687,TRANSCRIPTION FACTOR BINDING SITE;TRANSCRIPTION FACTOR BINDING SITE;TRANSCRIPTION FACTOR BINDING SITE,GATA3;TFAP2C;EGR1,18971253;18971253;18971253
20_58891837_C/T,OREG1271036;OREG1511814;OREG1189735,TRANSCRIPTION FACTOR BINDING SITE;TRANSCRIPTION FACTOR BINDING SITE;TRANSCRIPTION FACTOR BINDING SITE,SMARCA4;EGR1;TFAP2C,18971253;18971253;18971253
21_43776216_G/A,OREG1180703;OREG1771643,TRANSCRIPTION FACTOR BINDING SITE;TRANSCRIPTION FACTOR BINDING SITE,TFAP2C;MITF,18971253;18971253
21_46277531_C/T,OREG1516537,TRANSCRIPTION FACTOR BINDING SITE,EGR1,18971253
22_17203599_G/A,OREG1488809,TRANSCRIPTION FACTOR BINDING SITE,EGR1,18971253
22_19482824_C/T,OREG1488904,TRANSCRIPTION FACTOR BINDING SITE,EGR1,18971253
22_19496002_C/T,OREG1341340,TRANSCRIPTION FACTOR BINDING SITE,CTCF,18971253
22_20989679_G/A,OREG1946842;OREG1499998,TRANSCRIPTION FACTOR BINDING SITE;TRANSCRIPTION FACTOR BINDING SITE,ZNF263;EGR1,18971253;18971253
22_24495493_T/C,OREG1505603,TRANSCRIPTION FACTOR BINDING SITE,EGR1,18971253
22_38143108_C/T,OREG1255709;OREG1884317,TRANSCRIPTION FACTOR BINDING SITE;TRANSCRIPTION FACTOR BINDING SITE,SMARCA4;STAT1,18971253;18971253
22_39350070_G/A,OREG1256499;OREG1495490,TRANSCRIPTION FACTOR BINDING SITE;TRANSCRIPTION FACTOR BINDING SITE,SMARCA4;EGR1,18971253;18971253
22_50526008_C/T,OREG1898528;OREG1236941;OREG1508250;OREG1763900;OREG1186485,TRANSCRIPTION FACTOR BINDING SITE;TRANSCRIPTION FACTOR BINDING SITE;TRANSCRIPTION FACTOR BINDING SITE;TRANSCRIPTION FACTOR BINDING SITE;TRANSCRIPTION FACTOR BINDING SITE,STAT1;SMARCA4;EGR1;MITF;TFAP2C,18971253;18971253;18971253;18971253;18971253
2_112001282_T/G,OREG1238712,TRANSCRIPTION FACTOR BINDING SITE,SMARCA4,18971253
2_151569274_G/A,OREG1582996,TRANSCRIPTION FACTOR BINDING SITE,FOXA1,18971253
2_168935231_T/C,OREG1273505,TRANSCRIPTION FACTOR BINDING SITE,SMARCA4,18971253
2_168970051_C/T,OREG0828609;OREG0883515,TRANSCRIPTION FACTOR BINDING SITE;TRANSCRIPTION FACTOR BINDING SITE,MAFF;MAFK,24194598;24194598
2_168993720_G/A,OREG1674365,TRANSCRIPTION FACTOR BINDING SITE,GATA2,18971253
2_168996721_A/G,OREG1273509,TRANSCRIPTION FACTOR BINDING SITE,SMARCA4,18971253
2_174753606_G/A,OREG1527961,TRANSCRIPTION FACTOR BINDING SITE,ESR1,18971253
2_189001432_T/C,OREG1655876,TRANSCRIPTION FACTOR BINDING SITE,FOXA1,18971253
2_219030197_G/A,OREG0015211,REGULATORY REGION,CTCF,
2_32063996_C/T,OREG1508434;OREG1898766;OREG1237118;OREG1946701,TRANSCRIPTION FACTOR BINDING SITE;TRANSCRIPTION FACTOR BINDING SITE;TRANSCRIPTION FACTOR BINDING SITE;TRANSCRIPTION FACTOR BINDING SITE,EGR1;STAT1;SMARCA4;ZNF263,18971253;18971253;18971253;18971253
2_32128458_T/G,OREG1652274;OREG1593902,TRANSCRIPTION FACTOR BINDING SITE;TRANSCRIPTION FACTOR BINDING SITE,FOXA1;FOXA1,18971253;18971253
2_58160120_T/C,OREG1276394,TRANSCRIPTION FACTOR BINDING SITE,SMARCA4,18971253
2_69077458_C/T,OREG1771443,TRANSCRIPTION FACTOR BINDING SITE,MITF,18971253
2_70961013_A/T,OREG1390651,TRANSCRIPTION FACTOR BINDING SITE,CTCF,18971253
3_10142069_C/G,OREG1194573;OREG1789476,TRANSCRIPTION FACTOR BINDING SITE;TRANSCRIPTION FACTOR BINDING SITE,TFAP2C;RBL2,18971253;18971253
3_120682106_A/T,OREG1737389;OREG1712831,TRANSCRIPTION FACTOR BINDING SITE;TRANSCRIPTION FACTOR BINDING SITE,HNF4A;HNF4A,18971253;18971253
3_128481939_G/C,OREG1271707,TRANSCRIPTION FACTOR BINDING SITE,SMARCA4,18971253
3_128483899_A/G,OREG1271707;OREG1240533,TRANSCRIPTION FACTOR BINDING SITE;TRANSCRIPTION FACTOR BINDING SITE,SMARCA4;SMARCA4,18971253;18971253
3_128485953_C/T,OREG1271707;OREG1512431,TRANSCRIPTION FACTOR BINDING SITE;TRANSCRIPTION FACTOR BINDING SITE,SMARCA4;EGR1,18971253;18971253
3_184248827_C/T,OREG1249757;OREG1817416;OREG1716160,TRANSCRIPTION FACTOR BINDING SITE;TRANSCRIPTION FACTOR BINDING SITE;TRANSCRIPTION FACTOR BINDING SITE,SMARCA4;RBL2;HNF4A,18971253;18971253;18971253
3_193662935_C/G,OREG1269993,TRANSCRIPTION FACTOR BINDING SITE,SMARCA4,18971253
3_23917877_C/T,OREG1266066;OREG1235375,TRANSCRIPTION FACTOR BINDING SITE;TRANSCRIPTION FACTOR BINDING SITE,SMARCA4;SMARCA4,18971253;18971253
3_30688508_C/T,OREG1264721,TRANSCRIPTION FACTOR BINDING SITE,SMARCA4,18971253
3_41234291_A/G,OREG1795171;OREG1825998;OREG1810683;OREG1790444,TRANSCRIPTION FACTOR BINDING SITE;TRANSCRIPTION FACTOR BINDING SITE;TRANSCRIPTION FACTOR BINDING SITE;TRANSCRIPTION FACTOR BINDING SITE,RBL2;RBL2;RBL2;RBL2,18971253;18971253;18971253;18971253
3_47017656_A/G,OREG1271918;OREG1240788,TRANSCRIPTION FACTOR BINDING SITE;TRANSCRIPTION FACTOR BINDING SITE,SMARCA4;SMARCA4,18971253;18971253
3_48572677_A/G,OREG1728071,TRANSCRIPTION FACTOR BINDING SITE,HNF4A,18971253
3_48572734_T/A,OREG1728071;OREG1751616,TRANSCRIPTION FACTOR BINDING SITE;TRANSCRIPTION FACTOR BINDING SITE,HNF4A;HNF4A,18971253;18971253
3_48584919_A/C,OREG1416974,TRANSCRIPTION FACTOR BINDING SITE,E2F1,18971253
3_49419263_C/T,OREG1171029,TRANSCRIPTION FACTOR BINDING SITE,TFAP2C,18971253
3_52362411_T/G,OREG1495162,TRANSCRIPTION FACTOR BINDING SITE,EGR1,18971253
4_1003467_G/C,OREG1505785,TRANSCRIPTION FACTOR BINDING SITE,EGR1,18971253
4_25145080_A/G,OREG1233361;OREG1352172,TRANSCRIPTION FACTOR BINDING SITE;TRANSCRIPTION FACTOR BINDING SITE,SMARCA4;CTCF,18971253;18971253
4_3463423_C/G,OREG1184537;OREG1649771;OREG1537467,TRANSCRIPTION FACTOR BINDING SITE;TRANSCRIPTION FACTOR BINDING SITE;TRANSCRIPTION FACTOR BINDING SITE,TFAP2C;FOXA1;ESR1,18971253;18971253;18971253
4_3476526_G/T,OREG1377760,TRANSCRIPTION FACTOR BINDING SITE,CTCF,18971253
5_126595043_C/T,OREG1791337;OREG1812044;OREG1777869;OREG1796415;OREG1877011;OREG1167720;OREG1760872,TRANSCRIPTION FACTOR BINDING SITE;TRANSCRIPTION FACTOR BINDING SITE;TRANSCRIPTION FACTOR BINDING SITE;TRANSCRIPTION FACTOR BINDING SITE;TRANSCRIPTION FACTOR BINDING SITE;TRANSCRIPTION FACTOR BINDING SITE;TRANSCRIPTION FACTOR BINDING SITE,RBL2;RBL2;RBL2;RBL2;STAT1;TFAP2C;MITF,18971253;18971253;18971253;18971253;18971253;18971253;18971253
5_177607326_C/T,OREG0017092,REGULATORY REGION,CTCF,
5_75511827_G/A,OREG1247524;OREG1874854;OREG1811112;OREG1629226;OREG1165747;OREG1790775;OREG1848636;OREG1555813;OREG1848027;OREG1810550,TRANSCRIPTION FACTOR BINDING SITE;TRANSCRIPTION FACTOR BINDING SITE;TRANSCRIPTION FACTOR BINDING SITE;TRANSCRIPTION FACTOR BINDING SITE;TRANSCRIPTION FACTOR BINDING SITE;TRANSCRIPTION FACTOR BINDING SITE;TRANSCRIPTION FACTOR BINDING SITE;TRANSCRIPTION FACTOR BINDING SITE;TRANSCRIPTION FACTOR BINDING SITE;TRANSCRIPTION FACTOR BINDING SITE,SMARCA4;STAT1;RBL2;FOXA1;TFAP2C;RBL2;RB1;ETS1;RB1;RBL2,18971253;18971253;18971253;18971253;18971253;18971253;18971253;18971253;18971253;18971253
5_90644863_A/G,OREG1257937,TRANSCRIPTION FACTOR BINDING SITE,SMARCA4,18971253
6_44306521_A/G,OREG1494624,TRANSCRIPTION FACTOR BINDING SITE,EGR1,18971253
7_100627910_C/T,OREG1499797,TRANSCRIPTION FACTOR BINDING SITE,EGR1,18971253
7_107661797_G/A,OREG1837840;OREG1387174,TRANSCRIPTION FACTOR BINDING SITE;TRANSCRIPTION FACTOR BINDING SITE,PRDM14;CTCF,18971253;18971253
7_113918670_C/T,OREG0070776,REGULATORY REGION,,17130149
7_143321839_G/A,OREG1504939,TRANSCRIPTION FACTOR BINDING SITE,EGR1,18971253
7_143323383_T/C,OREG1504938,TRANSCRIPTION FACTOR BINDING SITE,EGR1,18971253
7_150950924_G/A,OREG1277197,TRANSCRIPTION FACTOR BINDING SITE,SMARCA4,18971253
7_150950933_G/A,OREG1277197,TRANSCRIPTION FACTOR BINDING SITE,SMARCA4,18971253
7_150957297_G/A,OREG1277197;OREG1518324,TRANSCRIPTION FACTOR BINDING SITE;TRANSCRIPTION FACTOR BINDING SITE,SMARCA4;EGR1,18971253;18971253
7_157005763_C/T,OREG1492778,TRANSCRIPTION FACTOR BINDING SITE,EGR1,18971253
7_44149782_C/T,OREG1528524,TRANSCRIPTION FACTOR BINDING SITE,ESR1,18971253
7_44150971_G/A,OREG1176968,TRANSCRIPTION FACTOR BINDING SITE,TFAP2C,18971253
7_44150974_C/T,OREG1176968,TRANSCRIPTION FACTOR BINDING SITE,TFAP2C,18971253
7_44153317_G/A,OREG1497688,TRANSCRIPTION FACTOR BINDING SITE,EGR1,18971253
7_44153326_G/A,OREG1497688,TRANSCRIPTION FACTOR BINDING SITE,EGR1,18971253
7_5995543_G/A,OREG1899593;OREG1653017;OREG1594677;OREG1187343;OREG1691394,TRANSCRIPTION FACTOR BINDING SITE;TRANSCRIPTION FACTOR BINDING SITE;TRANSCRIPTION FACTOR BINDING SITE;TRANSCRIPTION FACTOR BINDING SITE;TRANSCRIPTION FACTOR BINDING SITE,STAT1;FOXA1;FOXA1;TFAP2C;GATA3,18971253;18971253;18971253;18971253;18971253
7_5995615_T/C,OREG1899593;OREG1653017;OREG1594677;OREG1187343;OREG1691394,TRANSCRIPTION FACTOR BINDING SITE;TRANSCRIPTION FACTOR BINDING SITE;TRANSCRIPTION FACTOR BINDING SITE;TRANSCRIPTION FACTOR BINDING SITE;TRANSCRIPTION FACTOR BINDING SITE,STAT1;FOXA1;FOXA1;TFAP2C;GATA3,18971253;18971253;18971253;18971253;18971253
7_66633425_C/A,OREG1515278,TRANSCRIPTION FACTOR BINDING SITE,EGR1,18971253
7_96321945_G/A,OREG1248605;OREG1811579;OREG1166678;OREG1486494,TRANSCRIPTION FACTOR BINDING SITE;TRANSCRIPTION FACTOR BINDING SITE;TRANSCRIPTION FACTOR BINDING SITE;TRANSCRIPTION FACTOR BINDING SITE,SMARCA4;RBL2;TFAP2C;EGR1,18971253;18971253;18971253;18971253
8_31067092_G/A,OREG1596652;OREG0345582,TRANSCRIPTION FACTOR BINDING SITE;TRANSCRIPTION FACTOR BINDING SITE,FOXA1;FOXA1,18971253;24194598
8_38421858_C/T,OREG1487951,TRANSCRIPTION FACTOR BINDING SITE,EGR1,18971253
10_100989687_C/T,OREG1655084,TRANSCRIPTION FACTOR BINDING SITE,FOXA1,18971253
10_71785100_G/A,OREG1501941,TRANSCRIPTION FACTOR BINDING SITE,EGR1,18971253
10_75022006_G/A,OREG1654541;OREG1596208;OREG0020273,TRANSCRIPTION FACTOR BINDING SITE;TRANSCRIPTION FACTOR BINDING SITE;REGULATORY REGION,FOXA1;FOXA1;CTCF,18971253;18971253
10_89225167_C/T,OREG1647380,TRANSCRIPTION FACTOR BINDING SITE,FOXA1,18971253
11_108227696_G/A,OREG1260195,TRANSCRIPTION FACTOR BINDING SITE,SMARCA4,18971253
11_117192014_G/C,OREG1489824,TRANSCRIPTION FACTOR BINDING SITE,EGR1,18971253
11_119092523_G/A,OREG1265169;OREG1513733,TRANSCRIPTION FACTOR BINDING SITE;TRANSCRIPTION FACTOR BINDING SITE,SMARCA4;EGR1,18971253;18971253
11_119100766_C/G,OREG0021396,REGULATORY REGION,CTCF,
11_17393697_C/T,OREG1510027,TRANSCRIPTION FACTOR BINDING SITE,EGR1,18971253
11_17531431_C/T,OREG1196490,TRANSCRIPTION FACTOR BINDING SITE,TFAP2C,18971253
11_2778037_G/A,OREG1261171,TRANSCRIPTION FACTOR BINDING SITE,SMARCA4,18971253
11_31801585_G/T,OREG1833377,TRANSCRIPTION FACTOR BINDING SITE,PRDM14,18971253
11_31801744_G/A,OREG1833377,TRANSCRIPTION FACTOR BINDING SITE,PRDM14,18971253
11_32435343_C/A,OREG1503353,TRANSCRIPTION FACTOR BINDING SITE,EGR1,18971253
11_47333245_G/A,OREG1504538,TRANSCRIPTION FACTOR BINDING SITE,EGR1,18971253
11_5226931_T/G,OREG1939808;OREG1941296,TRANSCRIPTION FACTOR BINDING SITE;TRANSCRIPTION FACTOR BINDING SITE,TP53;TP53,18971253;18971253
11_5226932_G/A,OREG1939808;OREG1941296,TRANSCRIPTION FACTOR BINDING SITE;TRANSCRIPTION FACTOR BINDING SITE,TP53;TP53,18971253;18971253
11_59787045_A/G,OREG1242116;OREG1273553;OREG1674255;OREG1600174;OREG1658464;OREG1625918;OREG1688204,TRANSCRIPTION FACTOR BINDING SITE;TRANSCRIPTION FACTOR BINDING SITE;TRANSCRIPTION FACTOR BINDING SITE;TRANSCRIPTION FACTOR BINDING SITE;TRANSCRIPTION FACTOR BINDING SITE;TRANSCRIPTION FACTOR BINDING SITE;TRANSCRIPTION FACTOR BINDING SITE,SMARCA4;SMARCA4;GATA2;FOXA1;FOXA1;FOS;GATA3,18971253;18971253;18971253;18971253;18971253;18971253;18971253
11_64746758_G/A,OREG1497011,TRANSCRIPTION FACTOR BINDING SITE,EGR1,18971253
12_101761671_T/C,OREG1594920;OREG1653247,TRANSCRIPTION FACTOR BINDING SITE;TRANSCRIPTION FACTOR BINDING SITE,FOXA1;FOXA1,18971253;18971253
12_109784374_G/C,OREG1636860;OREG1578180;OREG1172628,TRANSCRIPTION FACTOR BINDING SITE;TRANSCRIPTION FACTOR BINDING SITE;TRANSCRIPTION FACTOR BINDING SITE,FOXA1;FOXA1;TFAP2C,18971253;18971253;18971253
12_47983716_G/A,OREG1510635,TRANSCRIPTION FACTOR BINDING SITE,EGR1,18971253
12_6062957_C/T,OREG1764238;OREG0021618,TRANSCRIPTION FACTOR BINDING SITE;REGULATORY REGION,MITF;CTCF,18971253
12_88093770_C/T,OREG0850992;OREG0901864,TRANSCRIPTION FACTOR BINDING SITE;TRANSCRIPTION FACTOR BINDING SITE,MAFF;MAFK,24194598;24194598
12_88140956_C/T,OREG1248376,TRANSCRIPTION FACTOR BINDING SITE,SMARCA4,18971253
13_32316523_A/G,OREG1224029;OREG1254282,TRANSCRIPTION FACTOR BINDING SITE;TRANSCRIPTION FACTOR BINDING SITE,SMARCA4;SMARCA4,18971253;18971253
13_39677579_G/A,OREG1252794,TRANSCRIPTION FACTOR BINDING SITE,SMARCA4,18971253
14_21321402_G/A,OREG1656228,TRANSCRIPTION FACTOR BINDING SITE,FOXA1,18971253
14_24255989_C/T,OREG1267002;OREG1721894;OREG1745895,TRANSCRIPTION FACTOR BINDING SITE;TRANSCRIPTION FACTOR BINDING SITE;TRANSCRIPTION FACTOR BINDING SITE,SMARCA4;HNF4A;HNF4A,18971253;18971253;18971253
14_87992970_C/G,OREG1276306;OREG1194974;OREG1483926,TRANSCRIPTION FACTOR BINDING SITE;TRANSCRIPTION FACTOR BINDING SITE;TRANSCRIPTION FACTOR BINDING SITE,SMARCA4;TFAP2C;E2F4,18971253;18971253;18971253
14_88385836_A/G,OREG1793066;OREG1787415;OREG1822616;OREG1189578,TRANSCRIPTION FACTOR BINDING SITE;TRANSCRIPTION FACTOR BINDING SITE;TRANSCRIPTION FACTOR BINDING SITE;TRANSCRIPTION FACTOR BINDING SITE,RBL2;RBL2;RBL2;TFAP2C,18971253;18971253;18971253;18971253
15_42386264_C/T,OREG0023085,REGULATORY REGION,CTCF,
15_82679729_C/T,OREG1507335,TRANSCRIPTION FACTOR BINDING SITE,EGR1,18971253
15_89325518_C/T,OREG1507612,TRANSCRIPTION FACTOR BINDING SITE,EGR1,18971253
16_1520737_G/C,OREG1514669,TRANSCRIPTION FACTOR BINDING SITE,EGR1,18971253
16_2063053_G/A,OREG1515937,TRANSCRIPTION FACTOR BINDING SITE,EGR1,18971253
16_2076170_G/A,OREG1515936,TRANSCRIPTION FACTOR BINDING SITE,EGR1,18971253
16_23641110_C/T,OREG1794925;OREG1732894;OREG1708005;OREG1760552;OREG1812228;OREG1778032,TRANSCRIPTION FACTOR BINDING SITE;TRANSCRIPTION FACTOR BINDING SITE;TRANSCRIPTION FACTOR BINDING SITE;TRANSCRIPTION FACTOR BINDING SITE;TRANSCRIPTION FACTOR BINDING SITE;TRANSCRIPTION FACTOR BINDING SITE,RBL2;HNF4A;HNF4A;MITF;RBL2;RBL2,18971253;18971253;18971253;18971253;18971253;18971253
16_23641140_C/A,OREG1794925;OREG1732894;OREG1708005;OREG1760552;OREG1812228;OREG1778032,TRANSCRIPTION FACTOR BINDING SITE;TRANSCRIPTION FACTOR BINDING SITE;TRANSCRIPTION FACTOR BINDING SITE;TRANSCRIPTION FACTOR BINDING SITE;TRANSCRIPTION FACTOR BINDING SITE;TRANSCRIPTION FACTOR BINDING SITE,RBL2;HNF4A;HNF4A;MITF;RBL2;RBL2,18971253;18971253;18971253;18971253;18971253;18971253
16_46918755_C/T,OREG1938265,TRANSCRIPTION FACTOR BINDING SITE,VDR,18971253
16_56519746_C/T,OREG1894351,TRANSCRIPTION FACTOR BINDING SITE,STAT1,18971253
16_67166392_C/T,OREG1489377,TRANSCRIPTION FACTOR BINDING SITE,EGR1,18971253
16_68737463_G/A,OREG1188103;OREG1269563,TRANSCRIPTION FACTOR BINDING SITE;TRANSCRIPTION FACTOR BINDING SITE,TFAP2C;SMARCA4,18971253;18971253
16_75556177_G/T,OREG1884089;OREG1494365;OREG1173832;OREG1799542;OREG1815116;OREG1780638;OREG1638184;OREG1545438,TRANSCRIPTION FACTOR BINDING SITE;TRANSCRIPTION FACTOR BINDING SITE;TRANSCRIPTION FACTOR BINDING SITE;TRANSCRIPTION FACTOR BINDING SITE;TRANSCRIPTION FACTOR BINDING SITE;TRANSCRIPTION FACTOR BINDING SITE;TRANSCRIPTION FACTOR BINDING SITE;TRANSCRIPTION FACTOR BINDING SITE,STAT1;EGR1;TFAP2C;RBL2;RBL2;RBL2;FOXA1;ETS1,18971253;18971253;18971253;18971253;18971253;18971253;18971253;18971253
16_88719580_T/G,OREG1514758,TRANSCRIPTION FACTOR BINDING SITE,EGR1,18971253
16_89694788_G/A,OREG1489611,TRANSCRIPTION FACTOR BINDING SITE,EGR1,18971253
17_31338748_A/G,OREG1263703,TRANSCRIPTION FACTOR BINDING SITE,SMARCA4,18971253
17_31338805_G/A,OREG1263703,TRANSCRIPTION FACTOR BINDING SITE,SMARCA4,18971253
17_42911000_G/T,OREG1504674,TRANSCRIPTION FACTOR BINDING SITE,EGR1,18971253
17_44351795_G/A,OREG1496515,TRANSCRIPTION FACTOR BINDING SITE,EGR1,18971253
17_44385824_C/G,OREG1188716,TRANSCRIPTION FACTOR BINDING SITE,TFAP2C,18971253
17_44879556_C/A,OREG0781510,TRANSCRIPTION FACTOR BINDING SITE,JUND,24194598
17_46010375_T/C,OREG1824928,TRANSCRIPTION FACTOR BINDING SITE,RBL2,18971253
17_4938183_G/A,OREG1417179,TRANSCRIPTION FACTOR BINDING SITE,E2F1,18971253
17_50169254_G/T,OREG0024558;OREG1183600,REGULATORY REGION;TRANSCRIPTION FACTOR BINDING SITE,CTCF;TFAP2C,18971253
17_50199556_C/T,OREG1899213,TRANSCRIPTION FACTOR BINDING SITE,STAT1,18971253
17_7203193_C/T,OREG1415820,TRANSCRIPTION FACTOR BINDING SITE,E2F1,18971253
17_7222276_G/A,OREG1418250,TRANSCRIPTION FACTOR BINDING SITE,E2F1,18971253
17_75517072_G/C,OREG1267073;OREG1185786;OREG1507384,TRANSCRIPTION FACTOR BINDING SITE;TRANSCRIPTION FACTOR BINDING SITE;TRANSCRIPTION FACTOR BINDING SITE,SMARCA4;TFAP2C;EGR1,18971253;18971253;18971253
17_7673535_C/T,OREG1390315,TRANSCRIPTION FACTOR BINDING SITE,CTCF,18971253
17_80110055_G/A,OREG1492585,TRANSCRIPTION FACTOR BINDING SITE,EGR1,18971253
17_80213823_G/A,OREG1507354,TRANSCRIPTION FACTOR BINDING SITE,EGR1,18971253
17_82929500_G/A,OREG1496108,TRANSCRIPTION FACTOR BINDING SITE,EGR1,18971253
18_23541387_C/T,OREG1272856;OREG1241551,TRANSCRIPTION FACTOR BINDING SITE;TRANSCRIPTION FACTOR BINDING SITE,SMARCA4;SMARCA4,18971253;18971253
18_57571536_G/A,OREG1510849,TRANSCRIPTION FACTOR BINDING SITE,EGR1,18971253
19_1223105_G/A,OREG1194276,TRANSCRIPTION FACTOR BINDING SITE,TFAP2C,18971253
19_1226608_C/T,OREG1907599,TRANSCRIPTION FACTOR BINDING SITE,STAT1,18971253
19_12806742_G/A,OREG1794449;OREG1801834;OREG1817339;OREG1782590;OREG1846712;OREG1417377,TRANSCRIPTION FACTOR BINDING SITE;TRANSCRIPTION FACTOR BINDING SITE;TRANSCRIPTION FACTOR BINDING SITE;TRANSCRIPTION FACTOR BINDING SITE;TRANSCRIPTION FACTOR BINDING SITE;TRANSCRIPTION FACTOR BINDING SITE,RBL2;RBL2;RBL2;RBL2;RB1;E2F1,18971253;18971253;18971253;18971253;18971253;18971253
19_12806748_C/T,OREG1794449;OREG1801834;OREG1817339;OREG1782590;OREG1846712;OREG1417377,TRANSCRIPTION FACTOR BINDING SITE;TRANSCRIPTION FACTOR BINDING SITE;TRANSCRIPTION FACTOR BINDING SITE;TRANSCRIPTION FACTOR BINDING SITE;TRANSCRIPTION FACTOR BINDING SITE;TRANSCRIPTION FACTOR BINDING SITE,RBL2;RBL2;RBL2;RBL2;RB1;E2F1,18971253;18971253;18971253;18971253;18971253;18971253
19_12891521_G/A,OREG1843056;OREG1715258,TRANSCRIPTION FACTOR BINDING SITE;TRANSCRIPTION FACTOR BINDING SITE,RB1;HNF4A,18971253;18971253
19_1399793_C/T,OREG1518867,TRANSCRIPTION FACTOR BINDING SITE,EGR1,18971253
19_17831245_G/A,OREG1485841,TRANSCRIPTION FACTOR BINDING SITE,EGR1,18971253
19_38463527_G/A,OREG1506353;OREG1411596,TRANSCRIPTION FACTOR BINDING SITE;TRANSCRIPTION FACTOR BINDING SITE,EGR1;E2F1,18971253;18971253
19_38490249_C/T,OREG1411592,TRANSCRIPTION FACTOR BINDING SITE,E2F1,18971253
19_38572270_G/A,OREG1411591,TRANSCRIPTION FACTOR BINDING SITE,E2F1,18971253
19_7533651_A/T,OREG1784829,TRANSCRIPTION FACTOR BINDING SITE,RBL2,18971253
1_11793907_C/T,OREG1500192,TRANSCRIPTION FACTOR BINDING SITE,EGR1,18971253
1_11794385_C/T,OREG1500192;OREG1179275,TRANSCRIPTION FACTOR BINDING SITE;TRANSCRIPTION FACTOR BINDING SITE,EGR1;TFAP2C,18971253;18971253
1_155295437_C/T,OREG1493213,TRANSCRIPTION FACTOR BINDING SITE,EGR1,18971253
1_156138613_C/T,OREG1498572,TRANSCRIPTION FACTOR BINDING SITE,EGR1,18971253
1_156138703_G/T,OREG1498572,TRANSCRIPTION FACTOR BINDING SITE,EGR1,18971253
1_156138757_G/A,OREG1498572,TRANSCRIPTION FACTOR BINDING SITE,EGR1,18971253
1_209617410_C/T,OREG1926227,TRANSCRIPTION FACTOR BINDING SITE,TRIM28,18971253
1_209790634_G/A,OREG1521121,TRANSCRIPTION FACTOR BINDING SITE,ESR1,18971253
1_231241456_G/C,OREG1250828;OREG1220643;OREG1169127;OREG1778518,TRANSCRIPTION FACTOR BINDING SITE;TRANSCRIPTION FACTOR BINDING SITE;TRANSCRIPTION FACTOR BINDING SITE;TRANSCRIPTION FACTOR BINDING SITE,SMARCA4;SMARCA4;TFAP2C;RBL2,18971253;18971253;18971253;18971253
1_24337687_C/T,OREG1833905,TRANSCRIPTION FACTOR BINDING SITE,PRDM14,18971253
1_40818620_C/T,OREG1504748;OREG1264796,TRANSCRIPTION FACTOR BINDING SITE;TRANSCRIPTION FACTOR BINDING SITE,EGR1;SMARCA4,18971253;18971253
1_45015006_G/A,OREG1249167;OREG0013449,TRANSCRIPTION FACTOR BINDING SITE;REGULATORY REGION,SMARCA4;CTCF,18971253
20_44407402_G/A,OREG1264053,TRANSCRIPTION FACTOR BINDING SITE,SMARCA4,18971253
20_58891834_C/A,OREG1271036;OREG1511814;OREG1189735,TRANSCRIPTION FACTOR BINDING SITE;TRANSCRIPTION FACTOR BINDING SITE;TRANSCRIPTION FACTOR BINDING SITE,SMARCA4;EGR1;TFAP2C,18971253;18971253;18971253
21_13618402_G/A,OREG1653280;OREG1594953,TRANSCRIPTION FACTOR BINDING SITE;TRANSCRIPTION FACTOR BINDING SITE,FOXA1;FOXA1,18971253;18971253
21_43776204_C/T,OREG1180703;OREG1771643,TRANSCRIPTION FACTOR BINDING SITE;TRANSCRIPTION FACTOR BINDING SITE,TFAP2C;MITF,18971253;18971253
21_46277528_T/C,OREG1516537,TRANSCRIPTION FACTOR BINDING SITE,EGR1,18971253
22_19482818_C/T,OREG1488904,TRANSCRIPTION FACTOR BINDING SITE,EGR1,18971253
22_19494594_G/A,OREG1488898,TRANSCRIPTION FACTOR BINDING SITE,EGR1,18971253
22_20989682_G/A,OREG1946842;OREG1499998,TRANSCRIPTION FACTOR BINDING SITE;TRANSCRIPTION FACTOR BINDING SITE,ZNF263;EGR1,18971253;18971253
22_24495496_C/T,OREG1505603,TRANSCRIPTION FACTOR BINDING SITE,EGR1,18971253
22_38143105_C/T,OREG1255709;OREG1884317,TRANSCRIPTION FACTOR BINDING SITE;TRANSCRIPTION FACTOR BINDING SITE,SMARCA4;STAT1,18971253;18971253
22_50526002_A/T,OREG1898528;OREG1236941;OREG1508250;OREG1763900;OREG1186485,TRANSCRIPTION FACTOR BINDING SITE;TRANSCRIPTION FACTOR BINDING SITE;TRANSCRIPTION FACTOR BINDING SITE;TRANSCRIPTION FACTOR BINDING SITE;TRANSCRIPTION FACTOR BINDING SITE,STAT1;SMARCA4;EGR1;MITF;TFAP2C,18971253;18971253;18971253;18971253;18971253
2_168993711_C/G,OREG1674365,TRANSCRIPTION FACTOR BINDING SITE,GATA2,18971253
2_168996722_C/A,OREG1273509,TRANSCRIPTION FACTOR BINDING SITE,SMARCA4,18971253
2_189001450_G/A,OREG1655876,TRANSCRIPTION FACTOR BINDING SITE,FOXA1,18971253
2_201754610_G/C,OREG1580034,TRANSCRIPTION FACTOR BINDING SITE,FOXA1,18971253
2_32063993_C/T,OREG1508434;OREG1898766;OREG1237118;OREG1946701,TRANSCRIPTION FACTOR BINDING SITE;TRANSCRIPTION FACTOR BINDING SITE;TRANSCRIPTION FACTOR BINDING SITE;TRANSCRIPTION FACTOR BINDING SITE,EGR1;STAT1;SMARCA4;ZNF263,18971253;18971253;18971253;18971253
2_32128476_A/G,OREG1652274;OREG1593902,TRANSCRIPTION FACTOR BINDING SITE;TRANSCRIPTION FACTOR BINDING SITE,FOXA1;FOXA1,18971253;18971253
2_58160108_C/T,OREG1276394,TRANSCRIPTION FACTOR BINDING SITE,SMARCA4,18971253
2_70961022_G/A,OREG1390651,TRANSCRIPTION FACTOR BINDING SITE,CTCF,18971253
3_10142069_C/A,OREG1194573;OREG1789476,TRANSCRIPTION FACTOR BINDING SITE;TRANSCRIPTION FACTOR BINDING SITE,TFAP2C;RBL2,18971253;18971253
3_120682097_C/T,OREG1737389;OREG1712831,TRANSCRIPTION FACTOR BINDING SITE;TRANSCRIPTION FACTOR BINDING SITE,HNF4A;HNF4A,18971253;18971253
3_128481939_G/A,OREG1271707,TRANSCRIPTION FACTOR BINDING SITE,SMARCA4,18971253
3_128483896_C/T,OREG1271707;OREG1240533,TRANSCRIPTION FACTOR BINDING SITE;TRANSCRIPTION FACTOR BINDING SITE,SMARCA4;SMARCA4,18971253;18971253
3_128485949_G/A,OREG1271707;OREG1512431,TRANSCRIPTION FACTOR BINDING SITE;TRANSCRIPTION FACTOR BINDING SITE,SMARCA4;EGR1,18971253;18971253
3_184248776_G/A,OREG1249757;OREG1817416;OREG1782657,TRANSCRIPTION FACTOR BINDING SITE;TRANSCRIPTION FACTOR BINDING SITE;TRANSCRIPTION FACTOR BINDING SITE,SMARCA4;RBL2;RBL2,18971253;18971253;18971253
3_23887699_G/A,OREG1684889,TRANSCRIPTION FACTOR BINDING SITE,GATA3,18971253
3_30688511_G/A,OREG1264721,TRANSCRIPTION FACTOR BINDING SITE,SMARCA4,18971253
3_41234297_G/C,OREG1795171;OREG1825998;OREG1810683;OREG1790444,TRANSCRIPTION FACTOR BINDING SITE;TRANSCRIPTION FACTOR BINDING SITE;TRANSCRIPTION FACTOR BINDING SITE;TRANSCRIPTION FACTOR BINDING SITE,RBL2;RBL2;RBL2;RBL2,18971253;18971253;18971253;18971253
3_48572671_C/T,OREG1728071,TRANSCRIPTION FACTOR BINDING SITE,HNF4A,18971253
3_48584910_C/T,OREG1416974,TRANSCRIPTION FACTOR BINDING SITE,E2F1,18971253
3_49419260_C/T,OREG1171029,TRANSCRIPTION FACTOR BINDING SITE,TFAP2C,18971253
3_52362390_G/A,OREG1495162,TRANSCRIPTION FACTOR BINDING SITE,EGR1,18971253
4_1003470_G/A,OREG1505785,TRANSCRIPTION FACTOR BINDING SITE,EGR1,18971253
4_3476523_C/T,OREG1377760,TRANSCRIPTION FACTOR BINDING SITE,CTCF,18971253
5_90644869_G/A,OREG1257937,TRANSCRIPTION FACTOR BINDING SITE,SMARCA4,18971253
6_44306494_C/T,OREG1494624,TRANSCRIPTION FACTOR BINDING SITE,EGR1,18971253
7_100627907_C/T,OREG1499797,TRANSCRIPTION FACTOR BINDING SITE,EGR1,18971253
7_107661803_C/T,OREG1837840;OREG1387174,TRANSCRIPTION FACTOR BINDING SITE;TRANSCRIPTION FACTOR BINDING SITE,PRDM14;CTCF,18971253;18971253
7_143323386_G/A,OREG1504938,TRANSCRIPTION FACTOR BINDING SITE,EGR1,18971253
7_150950921_C/T,OREG1277197,TRANSCRIPTION FACTOR BINDING SITE,SMARCA4,18971253
7_44149773_G/C,OREG1528524,TRANSCRIPTION FACTOR BINDING SITE,ESR1,18971253
7_44150980_A/C,OREG1176968,TRANSCRIPTION FACTOR BINDING SITE,TFAP2C,18971253
7_44153302_T/G,OREG1497688,TRANSCRIPTION FACTOR BINDING SITE,EGR1,18971253
7_5995534_C/T,OREG1899593;OREG1653017;OREG1594677;OREG1187343;OREG1691394,TRANSCRIPTION FACTOR BINDING SITE;TRANSCRIPTION FACTOR BINDING SITE;TRANSCRIPTION FACTOR BINDING SITE;TRANSCRIPTION FACTOR BINDING SITE;TRANSCRIPTION FACTOR BINDING SITE,STAT1;FOXA1;FOXA1;TFAP2C;GATA3,18971253;18971253;18971253;18971253;18971253
7_66633424_C/T,OREG1515278,TRANSCRIPTION FACTOR BINDING SITE,EGR1,18971253
7_96321942_C/T,OREG1248605;OREG1811579;OREG1166678;OREG1486494,TRANSCRIPTION FACTOR BINDING SITE;TRANSCRIPTION FACTOR BINDING SITE;TRANSCRIPTION FACTOR BINDING SITE;TRANSCRIPTION FACTOR BINDING SITE,SMARCA4;RBL2;TFAP2C;EGR1,18971253;18971253;18971253;18971253
8_31067089_A/G,OREG1596652;OREG0345582,TRANSCRIPTION FACTOR BINDING SITE;TRANSCRIPTION FACTOR BINDING SITE,FOXA1;FOXA1,18971253;24194598
8_38421849_C/T,OREG1487951,TRANSCRIPTION FACTOR BINDING SITE,EGR1,18971253
8_99135724_T/G,OREG1254929,TRANSCRIPTION FACTOR BINDING SITE,SMARCA4,18971253
8_99135733_G/A,OREG1254929,TRANSCRIPTION FACTOR BINDING SITE,SMARCA4,18971253
9_124483003_A/G,OREG1493395,TRANSCRIPTION FACTOR BINDING SITE,EGR1,18971253
9_124483004_A/G,OREG1493395,TRANSCRIPTION FACTOR BINDING SITE,EGR1,18971253
9_133354670_A/C,OREG1937581,TRANSCRIPTION FACTOR BINDING SITE,VDR,18971253
9_133354673_G/T,OREG1937581,TRANSCRIPTION FACTOR BINDING SITE,VDR,18971253
9_21971188_G/A,OREG1832510,TRANSCRIPTION FACTOR BINDING SITE,PRDM14,18971253
9_336688_C/T,OREG1646238,TRANSCRIPTION FACTOR BINDING SITE,FOXA1,18971253
9_34485237_T/C,OREG1183624,TRANSCRIPTION FACTOR BINDING SITE,TFAP2C,18971253
9_34649041_C/T,OREG1260528,TRANSCRIPTION FACTOR BINDING SITE,SMARCA4,18971253
9_34649062_C/G,OREG1260528,TRANSCRIPTION FACTOR BINDING SITE,SMARCA4,18971253
9_77365564_T/C,OREG1247237,TRANSCRIPTION FACTOR BINDING SITE,SMARCA4,18971253
9_77365573_G/A,OREG1247237,TRANSCRIPTION FACTOR BINDING SITE,SMARCA4,18971253
9_95125086_C/T,OREG1641627;OREG1583103,TRANSCRIPTION FACTOR BINDING SITE;TRANSCRIPTION FACTOR BINDING SITE,FOXA1;FOXA1,18971253;18971253
9_95125089_C/T,OREG1641627;OREG1583103,TRANSCRIPTION FACTOR BINDING SITE;TRANSCRIPTION FACTOR BINDING SITE,FOXA1;FOXA1,18971253;18971253
X_101357510_G/A,OREG1380330,TRANSCRIPTION FACTOR BINDING SITE,CTCF,18971253
X_101357513_T/C,OREG1380330,TRANSCRIPTION FACTOR BINDING SITE,CTCF,18971253
X_101360123_A/G,OREG1269474,TRANSCRIPTION FACTOR BINDING SITE,SMARCA4,18971253
X_13735340_A/G,OREG1271063,TRANSCRIPTION FACTOR BINDING SITE,SMARCA4,18971253
X_13735346_G/A,OREG1271063,TRANSCRIPTION FACTOR BINDING SITE,SMARCA4,18971253
X_41559779_C/T,OREG1257494,TRANSCRIPTION FACTOR BINDING SITE,SMARCA4,18971253
X_41559788_C/T,OREG1257494,TRANSCRIPTION FACTOR BINDING SITE,SMARCA4,18971253
X_47241303_C/T,OREG1515176,TRANSCRIPTION FACTOR BINDING SITE,EGR1,18971253
X_49230486_C/T,OREG1946834;OREG1385361,TRANSCRIPTION FACTOR BINDING SITE;TRANSCRIPTION FACTOR BINDING SITE,ZNF263;CTCF,18971253;18971253
X_55014771_G/A,OREG1250013,TRANSCRIPTION FACTOR BINDING SITE,SMARCA4,18971253
X_65529212_C/G,OREG0019826,REGULATORY REGION,CTCF,
X_65529221_C/T,OREG0019826,REGULATORY REGION,CTCF,
X_70029529_A/T,OREG0019846,REGULATORY REGION,CTCF,
X_70029538_G/A,OREG0019846,REGULATORY REGION,CTCF,
X_70033402_T/G,OREG0019847,REGULATORY REGION,CTCF,
X_70033405_A/G,OREG0019847,REGULATORY REGION,CTCF,
X_71108277_C/T,OREG1247425;OREG1543026,TRANSCRIPTION FACTOR BINDING SITE;TRANSCRIPTION FACTOR BINDING SITE,SMARCA4;ETS1,18971253;18971253
X_71108289_G/A,OREG1247425;OREG1543026,TRANSCRIPTION FACTOR BINDING SITE;TRANSCRIPTION FACTOR BINDING SITE,SMARCA4;ETS1,18971253;18971253
X_71108313_T/C,OREG1247425;OREG1543026,TRANSCRIPTION FACTOR BINDING SITE;TRANSCRIPTION FACTOR BINDING SITE,SMARCA4;ETS1,18971253;18971253
X_78020395_A/G,OREG1080014,TRANSCRIPTION FACTOR BINDING SITE,TCF7L2,24194598
X_78020398_G/A,OREG1080014,TRANSCRIPTION FACTOR BINDING SITE,TCF7L2,24194598
10_17123588_C/T,OREG0634856;OREG0662534;OREG0752302,TRANSCRIPTION FACTOR BINDING SITE;TRANSCRIPTION FACTOR BINDING SITE;TRANSCRIPTION FACTOR BINDING SITE,FOS;FOSL1;JUND,24194598;24194598;24194598
11_102625217_T/G,OREG1745339,TRANSCRIPTION FACTOR BINDING SITE,HNF4A,18971253
11_103109769_G/T,OREG1253136;OREG1222925;OREG1813955;OREG1798310;OREG1284700;OREG1779577,TRANSCRIPTION FACTOR BINDING SITE;TRANSCRIPTION FACTOR BINDING SITE;TRANSCRIPTION FACTOR BINDING SITE;TRANSCRIPTION FACTOR BINDING SITE;TRANSCRIPTION FACTOR BINDING SITE;TRANSCRIPTION FACTOR BINDING SITE,SMARCA4;SMARCA4;RBL2;RBL2;CEBPA;RBL2,18971253;18971253;18971253;18971253;18971253;18971253
11_119085066_G/A,OREG1273062;OREG1793716;OREG1808262;OREG1823612;OREG1788313;OREG1625645,TRANSCRIPTION FACTOR BINDING SITE;TRANSCRIPTION FACTOR BINDING SITE;TRANSCRIPTION FACTOR BINDING SITE;TRANSCRIPTION FACTOR BINDING SITE;TRANSCRIPTION FACTOR BINDING SITE;TRANSCRIPTION FACTOR BINDING SITE,SMARCA4;RBL2;RBL2;RBL2;RBL2;FOS,18971253;18971253;18971253;18971253;18971253;18971253
11_121589389_C/T,OREG1245097,TRANSCRIPTION FACTOR BINDING SITE,SMARCA4,18971253
11_32391982_T/C,OREG1237638,TRANSCRIPTION FACTOR BINDING SITE,SMARCA4,18971253
11_5226947_A/T,OREG1939808;OREG1941296,TRANSCRIPTION FACTOR BINDING SITE;TRANSCRIPTION FACTOR BINDING SITE,TP53;TP53,18971253;18971253
11_5226971_G/A,OREG1939808;OREG1941296,TRANSCRIPTION FACTOR BINDING SITE;TRANSCRIPTION FACTOR BINDING SITE,TP53;TP53,18971253;18971253
11_6618780_T/C,OREG1258266;OREG1227963,TRANSCRIPTION FACTOR BINDING SITE;TRANSCRIPTION FACTOR BINDING SITE,SMARCA4;SMARCA4,18971253;18971253
12_47855683_G/C,OREG1386379,TRANSCRIPTION FACTOR BINDING SITE,CTCF,18971253
12_57782858_G/A,OREG1239838;OREG1189566;OREG0021954;OREG1607311;OREG1381346;OREG1552599;OREG1301874,TRANSCRIPTION FACTOR BINDING SITE;TRANSCRIPTION FACTOR BINDING SITE;REGULATORY REGION;TRANSCRIPTION FACTOR BINDING SITE;TRANSCRIPTION FACTOR BINDING SITE;TRANSCRIPTION FACTOR BINDING SITE;TRANSCRIPTION FACTOR BINDING SITE,SMARCA4;TFAP2C;CTCF;FOXP1;CTCF;ETS1;CEBPA,18971253;18971253;18971253;18971253;18971253;18971253
13_51970547_G/A,OREG1547668,TRANSCRIPTION FACTOR BINDING SITE,ETS1,18971253
14_24081346_G/T,OREG1169356,TRANSCRIPTION FACTOR BINDING SITE,TFAP2C,18971253
14_50937736_C/T,OREG1225150,TRANSCRIPTION FACTOR BINDING SITE,SMARCA4,18971253
14_94382686_G/A,OREG1305463,TRANSCRIPTION FACTOR BINDING SITE,CEBPA,18971253
14_95535383_A/G,OREG1254692;OREG1219477,TRANSCRIPTION FACTOR BINDING SITE;TRANSCRIPTION FACTOR BINDING SITE,SMARCA4;SMARCA4,18971253;18971253
15_40621785_A/G,OREG1265544,TRANSCRIPTION FACTOR BINDING SITE,SMARCA4,18971253
15_80172238_C/T,OREG1744101;OREG1720003,TRANSCRIPTION FACTOR BINDING SITE;TRANSCRIPTION FACTOR BINDING SITE,HNF4A;HNF4A,18971253;18971253
15_98707851_T/C,OREG1755301;OREG1754680,TRANSCRIPTION FACTOR BINDING SITE;TRANSCRIPTION FACTOR BINDING SITE,IGF1R;IGF1R,18971253;18971253
16_16154873_C/T,OREG1260937,TRANSCRIPTION FACTOR BINDING SITE,SMARCA4,18971253
16_2090285_C/T,OREG1485548,TRANSCRIPTION FACTOR BINDING SITE,EGR1,18971253
16_2090674_C/T,OREG1485548,TRANSCRIPTION FACTOR BINDING SITE,EGR1,18971253
16_88713447_G/A,OREG1505182,TRANSCRIPTION FACTOR BINDING SITE,EGR1,18971253
17_28735371_G/A,OREG1273794;OREG1905582;OREG1626022;OREG1688076,TRANSCRIPTION FACTOR BINDING SITE;TRANSCRIPTION FACTOR BINDING SITE;TRANSCRIPTION FACTOR BINDING SITE;TRANSCRIPTION FACTOR BINDING SITE,SMARCA4;STAT1;FOS;GATA3,18971253;18971253;18971253;18971253
17_44910142_G/T,OREG1495658,TRANSCRIPTION FACTOR BINDING SITE,EGR1,18971253
17_46010339_T/C,OREG1824928,TRANSCRIPTION FACTOR BINDING SITE,RBL2,18971253
17_61849129_C/T,OREG1656659;OREG1598320,TRANSCRIPTION FACTOR BINDING SITE;TRANSCRIPTION FACTOR BINDING SITE,FOXA1;FOXA1,18971253;18971253
17_7221612_C/A,OREG1276999,TRANSCRIPTION FACTOR BINDING SITE,SMARCA4,18971253
17_80107722_G/A,OREG1492584,TRANSCRIPTION FACTOR BINDING SITE,EGR1,18971253
18_31079989_C/T,OREG1862773,TRANSCRIPTION FACTOR BINDING SITE,SPI1,18971253
18_59347513_C/T,OREG1914933,TRANSCRIPTION FACTOR BINDING SITE,SOX2,18971253
19_35846051_G/A,OREG1507071;OREG1745687;OREG1721668,TRANSCRIPTION FACTOR BINDING SITE;TRANSCRIPTION FACTOR BINDING SITE;TRANSCRIPTION FACTOR BINDING SITE,EGR1;HNF4A;HNF4A,18971253;18971253;18971253
19_38463527_G/C,OREG1506353;OREG1411596,TRANSCRIPTION FACTOR BINDING SITE;TRANSCRIPTION FACTOR BINDING SITE,EGR1;E2F1,18971253;18971253
1_156130731_G/A,OREG1259371;OREG1177780;OREG0013866;OREG1372828,TRANSCRIPTION FACTOR BINDING SITE;TRANSCRIPTION FACTOR BINDING SITE;REGULATORY REGION;TRANSCRIPTION FACTOR BINDING SITE,SMARCA4;TFAP2C;CTCF;CTCF,18971253;18971253;18971253
1_156138610_G/A,OREG1498572,TRANSCRIPTION FACTOR BINDING SITE,EGR1,18971253
1_158656564_C/T,OREG1264527,TRANSCRIPTION FACTOR BINDING SITE,SMARCA4,18971253
1_158676167_T/C,OREG1233776,TRANSCRIPTION FACTOR BINDING SITE,SMARCA4,18971253
1_161168127_G/A,OREG1261823,TRANSCRIPTION FACTOR BINDING SITE,SMARCA4,18971253
1_209801240_C/T,OREG1247912,TRANSCRIPTION FACTOR BINDING SITE,SMARCA4,18971253
1_23798615_C/T,OREG1262814;OREG1383516,TRANSCRIPTION FACTOR BINDING SITE;TRANSCRIPTION FACTOR BINDING SITE,SMARCA4;CTCF,18971253;18971253
1_42927626_G/A,OREG1263488,TRANSCRIPTION FACTOR BINDING SITE,SMARCA4,18971253
1_94001046_C/T,OREG1276948,TRANSCRIPTION FACTOR BINDING SITE,SMARCA4,18971253
22_17203563_C/T,OREG1488809,TRANSCRIPTION FACTOR BINDING SITE,EGR1,18971253
2_112001285_C/A,OREG1238712,TRANSCRIPTION FACTOR BINDING SITE,SMARCA4,18971253
2_11767858_G/A,OREG1245818,TRANSCRIPTION FACTOR BINDING SITE,SMARCA4,18971253
2_151569268_C/T,OREG1582996,TRANSCRIPTION FACTOR BINDING SITE,FOXA1,18971253
2_168935237_T/C,OREG1273505,TRANSCRIPTION FACTOR BINDING SITE,SMARCA4,18971253
2_168970045_C/T,OREG0828609,TRANSCRIPTION FACTOR BINDING SITE,MAFF,24194598
2_174753594_G/A,OREG1527961,TRANSCRIPTION FACTOR BINDING SITE,ESR1,18971253
3_193662962_G/A,OREG1269993,TRANSCRIPTION FACTOR BINDING SITE,SMARCA4,18971253
3_47017638_C/T,OREG1271918;OREG1240788,TRANSCRIPTION FACTOR BINDING SITE;TRANSCRIPTION FACTOR BINDING SITE,SMARCA4;SMARCA4,18971253;18971253
3_48572725_C/G,OREG1728071;OREG1751616,TRANSCRIPTION FACTOR BINDING SITE;TRANSCRIPTION FACTOR BINDING SITE,HNF4A;HNF4A,18971253;18971253
4_25145092_C/T,OREG1233361;OREG1352172,TRANSCRIPTION FACTOR BINDING SITE;TRANSCRIPTION FACTOR BINDING SITE,SMARCA4;CTCF,18971253;18971253
4_3463423_C/T,OREG1184537;OREG1649771;OREG1537467,TRANSCRIPTION FACTOR BINDING SITE;TRANSCRIPTION FACTOR BINDING SITE;TRANSCRIPTION FACTOR BINDING SITE,TFAP2C;FOXA1;ESR1,18971253;18971253;18971253
5_126595040_G/A,OREG1791337;OREG1812044;OREG1777869;OREG1796415;OREG1877011;OREG1167720;OREG1760872,TRANSCRIPTION FACTOR BINDING SITE;TRANSCRIPTION FACTOR BINDING SITE;TRANSCRIPTION FACTOR BINDING SITE;TRANSCRIPTION FACTOR BINDING SITE;TRANSCRIPTION FACTOR BINDING SITE;TRANSCRIPTION FACTOR BINDING SITE;TRANSCRIPTION FACTOR BINDING SITE,RBL2;RBL2;RBL2;RBL2;STAT1;TFAP2C;MITF,18971253;18971253;18971253;18971253;18971253;18971253;18971253
5_177607329_G/A,OREG0017092,REGULATORY REGION,CTCF,
7_143321848_G/A,OREG1504939,TRANSCRIPTION FACTOR BINDING SITE,EGR1,18971253
7_150950921_C/G,OREG1277197,TRANSCRIPTION FACTOR BINDING SITE,SMARCA4,18971253
7_150957291_C/T,OREG1277197;OREG1518324,TRANSCRIPTION FACTOR BINDING SITE;TRANSCRIPTION FACTOR BINDING SITE,SMARCA4;EGR1,18971253;18971253
7_157005856_C/T,OREG1492778,TRANSCRIPTION FACTOR BINDING SITE,EGR1,18971253
7_44150956_C/T,OREG1176968,TRANSCRIPTION FACTOR BINDING SITE,TFAP2C,18971253
7_44153302_T/C,OREG1497688,TRANSCRIPTION FACTOR BINDING SITE,EGR1,18971253
7_5995612_T/C,OREG1899593;OREG1653017;OREG1594677;OREG1187343;OREG1691394,TRANSCRIPTION FACTOR BINDING SITE;TRANSCRIPTION FACTOR BINDING SITE;TRANSCRIPTION FACTOR BINDING SITE;TRANSCRIPTION FACTOR BINDING SITE;TRANSCRIPTION FACTOR BINDING SITE,STAT1;FOXA1;FOXA1;TFAP2C;GATA3,18971253;18971253;18971253;18971253;18971253
9_21971194_G/A,OREG1832510,TRANSCRIPTION FACTOR BINDING SITE,PRDM14,18971253
9_34485240_G/A,OREG1183624,TRANSCRIPTION FACTOR BINDING SITE,TFAP2C,18971253
X_101360150_C/T,OREG1269474,TRANSCRIPTION FACTOR BINDING SITE,SMARCA4,18971253
X_49230485_G/A,OREG1946834;OREG1385361,TRANSCRIPTION FACTOR BINDING SITE;TRANSCRIPTION FACTOR BINDING SITE,ZNF263;CTCF,18971253;18971253
X_55014747_C/G,OREG1250013,TRANSCRIPTION FACTOR BINDING SITE,SMARCA4,18971253
X_71108277_C/G,OREG1247425;OREG1543026,TRANSCRIPTION FACTOR BINDING SITE;TRANSCRIPTION FACTOR BINDING SITE,SMARCA4;ETS1,18971253;18971253
